<?xml version="1.0" encoding="UTF-8"?>
<editorials>
	<marketname value="Ukraine"/>
	<currency value="$"/>
	<header>
		<backtoorder alertmess="Все, товари, що залишились в кошику, не попадуть до замовлення. Продовжити?" value="назад до замовлення"/>
		<favorite addtip="Зробити закладку" removetip="Видалити закладку"/>
		<allpages source="" tip="Всі сторінки"/>
		<categories popupheader="Категорія" source="" tip="Список категорій"/>
		<search buttonsource="" buttontip="Шукати" fieldsource="" fieldtip="Введіть ключове слово для пошуку"/>
		<gotopage buttontip="Перейти на сторінку" textinputtip="Введіть номер сторінки, щоб перейти"/>
		<magnify source="" tip="Збільшити/Зменшити"/>
		<print source="" tip="Роздрукувати"/>
		<help source="" tip="Допомога"/>
		<needrep source="" tip="Знайти Представника"/>
		<becomerep source="" tip="Хочу стати Представником"/>
		<zoomdrag tip="Натисніть і перетягніть, щоб побачити всі частини зображення"/>
		<sound playtip="Увімкнути музику" stoptip="Вимкнути музику"/>
		<language value="Мова"/>
		<addtoorder tip="Натисніть, щоб замовити продукцію з кошика" value="додати до замовлення"/>
		<note tip="Зробити примітку"/>
		<fullpage tip="Проглянути всю сторінку"/>
	</header>
	
	<coverflow>
		<previous source="" tip="На попередню"/>
		<next source="" tip="На наступну"/>
	</coverflow>
	
	<allpages>
		<thumbnail tip=""/>
		<pages back="назад" cover="приховати"/>
	</allpages>
	
	<shoppingbag>
		<maxitemswarn value="Ви перевищили максимальну кількість замовлених одиниць"/>
		<ordernow value="Закінчити покупки"/>
		<update value="Оновити кошик"/>
		<emailorder value="Відправити замовлення Представнику"/>
		<shoppingtitle value="Мій кошик"/>
		<productname value="Назва"/>
		<lineno value="Код"/>
		<pageno value="Стор."/>
		<productprice value="Ціна"/>
		<productqty value="Кількість"/>
		<producttotal value="Разом"/>
		<totalqty value="РАЗОМ"/>
		<productremove value="Видалити"/>
		<alertmsg value="Перед розміщенням замовленння, додайте товари до кошика"/>
	</shoppingbag>
	
	<shoppingcart>
		<title value="Додати товар до замовлення"/>
		<id value="Код"/>
		<productname value="Назва"/>
		<productqty value="Кількість"/>
		<productprice value="Ціна"/>
		<productpage value="Стор."/>
		<addtobag value="Додати в кошик"/>
	</shoppingcart>
	
	<mainpage>
		<mainemail tip="Відправити сторінку другові" value="Надіслати сторінку"/>
		<shoppingbag tip="Відкрити кошик"/>
		<mainshopbag value="од."/>
		<topnav lefttip="На попередню" righttip="На наступну"/>
		<shoptip tip="Надіслати сторінку"/>
		<booktip tip="Натисніть на куточки, щоб перегорнути сторінки"/>
	</mainpage>
	<emailcust>
		<clientemail value=""/>
		<clientemailsub value=""/>
		<title value="Відправити Клієнту"/>
		<comboheading1 value="Ваші Клієнти"/>
		<comboheading2 value="Оберіть Клієнта"/>
	</emailcust>
	<emailfriendpage>
		<emailLink value="Натиснути тут"/>
		<title value="Надіслати сторінку"/>
		<emailinfo value="Кому:"/>
		<successmess value="Відправлено"/>
		<failuremess value="Не відправлено"/>
		<emailfrndemail value="Введіть декілька адрес, розділяючи їх комою"/>
		<emailername value="Ваше ім'я"/>
		<emaileremail value="Ваш e-mail:"/>
		<subject value="Тема:"/>
		<message value="Повідомлення"/>
		<messageinfo1 value="Натисніть нижче, щоб додати особисте повідомлення"/>
		<messageinfo2 value="максимум 300 знаків"/>
		<send value="Відправити"/>	
		<emailfriendurl value="Для проглядання надісланої Вам сторінки натисніть на посилання нижче"/>
	</emailfriendpage>

	<emailrep>
		<poptitle value="Відправити замовлення Представнику"/>
		<divtitle emailadd="E-Mail адреса" mailadd="Адреса отримувача" name="Ім'я" phone="Телефон"/>
		<namefirst value="Ім'я"/>
		<namelast value="Прізвище"/>
		<mailaddress1 value="Адреса"/>
		<mailaddress2 value="Адреса"/>
		<mailcity value="Місто"/>
		<mailcounty value="Адміністративний район"/>
		<mailpostalcode value="Поштовий індекс"/>
		<phone value="Телефон"/>
		<notes value="Примітки"/>
		<submit value="Відправити замовлення"/>
		<back value="Повернутися до каталога"/>
		<fieldinfo value="*Поля обов'язкові для заповнення"/>
		<replabel1 value="Обслуговується в"/>
		<replabel2 value="районі"/>
	</emailrep>

	<categories>
 		 <category value="" width="200"/> 
 	 </categories>

	<checkout>
		<checkoutlabel value="Закінчити покупки"/>
		<checkoutdesc value="Для завершення замовлення заповніть інформацію нижче. Ваш Представник зв'яжеться з Вами найближчим часом"/>
		<replabel value="Інформація про Представника"/>
	</checkout>

    <thumbnail>
   		<title value="Проглядання індексів"/>
    </thumbnail>
    
    <resolution>
	    <title value="Якість каталогу"/>
	    <select value="ОК"/>
	    <radio1 value="Висока якість"/>
	    <radio2 value="Низька якість"/>
    </resolution>
	
	<searchresults>
		<title failure="Не знайдено результатів" success="Результат пошуку"/>
		<noresults bullet1="Перевірте правопис або спробуйте інше слово для пошуку" bullet2="Продивіться каталог через &quot;Проглядання індексів&quot;" bullet3="Прогляньте по категорям через &quot;Категорії&quot;" info="Можливо, в цьому каталозі продукт не представлено" title="Вибачте, за Вашим запитом нічого не знайдено"/>
		<preview value="проглядання"/>
		
	</searchresults>

	<shopping>
		<reason value="Причина"/>
		<validatingitems value="Перевірка замовленої продукції"/>
		<title value="Підтвердження замовлення"/>
		<productnotavailable header="Зміни в замовленні" value="Ці товари зараз недоступні, їх буде видалено з Вашого замовлення"/>
		<continueShopping header="Підтвердження замовлення" value="Продовжити робити покупки"/>
		<orderplacedwithouterror value="Замовлення розміщено"/>
		<orderplacedwitherror value="Замовлення розміщено, але дані продукти тимчасово недоступні. Їх було видалено із замовлення"/>
		<updateitems header="Оновити кошик" value="Оновити кошик"/>
	</shopping>
	
	<stickynote>
		<note value="Повідомлення"/>
		<bookmark value="На сторінці закладка"/>
		<add value="Додати примітку до закладки"/>
		<save value="Зберегти"/>
	</stickynote>

	<help>
		<title value="Допомога"/>
		<helpnav value="Навігатор"/>
		<helpcategories value="Категорії"/>
		<helpthumbnail value="Проглядання індексів"/>
		<helpbookmark value="Закладка"/>
		<helpzoom value="Збільшити"/>
		<helpprint value="Друкувати"/>
		<helpemail value="Email"/>
		<helpsearch value="Пошук"/>
		<helpshoppingbag value="Кошик"/>
		<allPages value="Щоб подивитись каталог по індексам, натисніть на кнопку. Натиснувши на будь-який індекс Ви побачите цю сторінку в повному обсязі"/>
		<goToPage value="Введіть номер сторінки, щобперейти на неї. Для переходу на конкретну сторінку, натисніть на її номер. Для переходу між сторінками користуйтесь кнопками вперед/назад"/>
		<search value="Введіть код продукту, назву або ключове слово, щоб знайти всі продукти, які відповідають критеріям пошуку"/>
		<searchbycategory value="Натисніть на кнопку &quot;Категорії&quot; та оберіть категорію продукції зі списку. Ви побачите сторінки каталогу, де представлено продукти  обраної категорії."/>		
		<magnify value="Натисніть на Збільшити/Зменшити, щоб продивитись збільшене зображення продукції"/>
		<print value="Натисніть на цю кнопку, щоб роздрукувати сторінку"/>
		<favorite value="Натисніть на &quot;Зробити закладку&quot;, щоб додати закладку для цієї сторінки. Ви можете додати примітки та зберегти їх на закладці. Натисніть на &quot;Видалити закладку, щоб прибрати закладку зі сторінки. Закладки відображаються праворуч на сторінках каталогу"/>
		<emailtofriend value="Щоб відправити сторінку по електронній пошті, натисніть на кнопку. Відправку можна зробити на декілька адрес, вводячи адреси одержувачів в адресний рядок і розділяючи їх комами"/>
		<shoppingbag value="У віконці &quot;Додати до товар в замовлення&quot; введіть необхідну кількість. Для проглядання замовлення, натисніть на свій кошик в правому верхньому кутку екрану. В кошику можна видалити продукцію або виправити кількість, а потім відправити кошик до замовлення"/>
		<contactus text="Зв'яжіться з нами" value=""/>
	</help>
	
	<bookmark>
		<thumbnail tip="Натисніть, щоб відкрити сторінку"/>
		<maxlimit value="ви досягли максимальної кількості закладок. Ви більше не можете додати."/>
		<maxlimit value="Щоб створити нову закладку треба видалити існуючу"/>
		<maxlimitheader value="Ліміт кількості закладок перевищено"/>
	</bookmark>
	
	<loaderpage>
		<loading value="ЗАВАНТАЖЕННЯ"/>
	</loaderpage>
	
	<errors>
		<multiemail value="Формат електронної адреси невірний"/>
		<requiredfielderror value="Обов'язкове для заповнювання поле"/>
		
		<decimalpointcounterror value="Дільник розряду використовується лише один раз"/> 
	 	<integererror phone="Номер телефону має бути цифровим" quantity="Введіть номер телефону" value="Номер має бути числом"/>
		<invalidcharerror value="Введені дані містять некоректні символи"/> 
		<invalidformatcharserror value="Один з параметрів форматування некоректний"/> 
	 	<negativeerror value="Кількість не може бути від'ємною"/> 
		<precisionerror value="Забагато знаків після коми"/> 
		<separationerror value=""/>
		<exceedsmaxerror goto="Ви перевищили кількість всіх сторінок" value="Введена кількість занадто велика"/>
		<lowerthanminerror goto="Введіть номер сторінки" phone3D="В номері телефону  має бути 11 знаків" phone4D="" qty="Введіть кількість" value="Введена кількість занадто мала"/>
		 
		<toolongerror value="Значення перевищує максимально допустиме - повинно бути менше {0} знаків"/>
		<tooshorterror value="Значення менше мінімального -  повинно бути {0} знаків"/>
	
	
	
		<zipinvalidcharerror value="Неправильний поштовий індекс"/>
		<zipinvaliddomainerror value=""/>
		<wrongcaformaterror value=""/>
		<wronglengtherror value=""/>
		<wrongusformaterror value=""/>
		
		
		<emailinvalidcharerror value="Адреса містить некоректні знаки"/>
		<emailinvaliddomainerror value="Адреса містить некоректні знаки"/>
		<invalidipdomainerror value="Адреса містить некоректні знаки"/> 
		<invalidperiodsindomainerror value="Адреса містить некоректні знаки"/> 
		<missingatsignerror value="В адресі пропущено знак @"/>
		<missingperiodindomainerror value="В адресі пропущено крапку"/>
		<missingusernameerror value="Адреса містить некоректні знаки"/>
		<toomanyatsignserror value="Адреса має забагато символів @"/>
		 
		<specialCharacterNotAllowedError value="В поле &quot;Ім'я&quot; не може бути спеціальних символів"/>
		<numeralNotAllowedError value="В поле &quot;Ім'я&quot; не може бути цифр"/>
		<spaceNotAllowedError value="В полі &quot;Ім'я&quot; не може бути пробіл"/>

	</errors>
	
	<alertlabels>
		<ok value="ОК"/>
		<yes value="Так"/>
		<no value="Ні"/>
	</alertlabels>

	<omniture account="avonua" qaeaccount="avonceeqa" curr="UAH">
		<index value="CFT"/>
	</omniture>

</editorials>
