<?xml version="1.0" encoding="UTF-8"?>
<avon total="7"><cover addtobag="1" category=""><limage url="assets/images/large/cover.jpg"/><mimage url="assets/images/medium/cover.jpg"/><simage url="assets/images/small/cover.jpg"/></cover><page addtobag="1" id="1" category=""><limage url="assets/images/large/002.jpg"/><mimage url="assets/images/medium/002.jpg"/><simage url="assets/images/small/002.jpg"/><product id="73850" name="Туалетна вода Celebrate для Нього 75 мл" price="349" height="450" width="450" y="0" x="0"><subproduct id="54866" name="Парфумна вода TTA Celebrate для Неї 50 мл" price="349" height="100" width="100" y="10" x="10"/></product><product id="42423" name="Туалетна вода Black Suede Touch 125 мл" price="349" height="450" width="450" y="0" x="429"><subproduct id="12997" name="Туалетна вода Black Suede Leather 75 мл" price="239" height="100" width="100" y="10" x="10"/><subproduct id="49342" name="Туалетна вода Black Suede Essential 75 мл" price="239" height="100" width="100" y="10" x="10"/><subproduct id="01851" name="Парфумна вода Avon Cherish 50 мл" price="239" height="100" width="100" y="10" x="10"/><subproduct id="29957" name="Парфумна вода Avon Cherish the Moment 50 мл" price="239" height="100" width="100" y="10" x="10"/><subproduct id="72469" name="Туалетна вода Black Suede Night 75 мл" price="239" height="100" width="100" y="10" x="10"/><subproduct id="35588" name="Туалетна вода Black Suede Touch 75 мл" price="239" height="100" width="100" y="10" x="10"/><subproduct id="52660" name="Туалетна вода Black Suede Intense 75 мл" price="239" height="100" width="100" y="10" x="10"/></product></page><page addtobag="1" id="2" category=""><limage url="assets/images/large/004.jpg"/><mimage url="assets/images/medium/004.jpg"/><simage url="assets/images/small/004.jpg"/><product id="27424" name="Набір &quot;Заряд Енергії&quot;" price="0" height="450" width="450" y="0" x="0"><subproduct id="09967" name="Набір &quot;Захист І Відновлення&quot;" price="0" height="100" width="100" y="10" x="10"/></product><product id="68974" name="Набір &quot;Сяючий Рум'Янець&quot; " price="0" height="450" width="450" y="0" x="429"><subproduct id="59295" name="Набір &quot;Нейтральні&quot;" price="0" height="100" width="100" y="10" x="10"/><subproduct id="60158" name="Набір &quot;Інтенсивно-Бронзові&quot;" price="0" height="100" width="100" y="10" x="10"/><subproduct id="71745" name="Набір &quot;Бронзові&quot;" price="0" height="100" width="100" y="10" x="10"/></product></page><page addtobag="1" id="3" category=""><limage url="assets/images/large/006.jpg"/><mimage url="assets/images/medium/006.jpg"/><simage url="assets/images/small/006.jpg"/><product id="26205" name="Очищувальна Вода Д/Обл.&quot;Очищення 3-В-1&quot;" price="0" height="450" width="450" y="0" x="0"><subproduct id="07189" name="Крем Д/Обл.&quot;Омолодження.Перевага&quot;15мл" price="0" height="100" width="100" y="10" x="10"/><subproduct id="23820" name="Міні-Версія Денного Крему&quot;Клітинне Відро" price="0" height="100" width="100" y="10" x="10"/><subproduct id="30504" name="Міні-Версія Нічного Крему&quot;Клітинне Відро" price="0" height="100" width="100" y="10" x="10"/><subproduct id="72566" name="Сироватка Д/Обл&quot;Рівний Тон/Зміцнен&quot;10 Мл" price="0" height="100" width="100" y="10" x="10"/><subproduct id="17839" name="Крем Д/Обличчя&quot;Рівний Тон/Зміцнення&quot;15мл" price="0" height="100" width="100" y="10" x="10"/><subproduct id="24218" name="Підтягуючий Крем Д/Обл. &quot;Ліфтинг Та Зміц" price="0" height="100" width="100" y="10" x="10"/><subproduct id="16432" name="Нічний Крем Д/Обл. &quot;Захист І Відновлення" price="0" height="100" width="100" y="10" x="10"/></product><product id="11385" name="Набір (20 Балів)" price="0" height="450" width="450" y="0" x="429"><subproduct id="11203" name="Набір 2 (10 Балів)" price="0" height="100" width="100" y="10" x="10"/><subproduct id="11370" name="Набір 3 (15 Балів)" price="0" height="100" width="100" y="10" x="10"/><subproduct id="11367" name="Набір 2 (15 Балів)" price="0" height="100" width="100" y="10" x="10"/><subproduct id="11361" name="Набір 1 (15 Балів)" price="0" height="100" width="100" y="10" x="10"/><subproduct id="11421" name="Набір 1 (10 Балів)" price="0" height="100" width="100" y="10" x="10"/><subproduct id="11376" name="Набір 5 (15 Балів)" price="0" height="100" width="100" y="10" x="10"/><subproduct id="11373" name="Набір 4 (15 Балів)" price="0" height="100" width="100" y="10" x="10"/><subproduct id="11387" name="Жіноча Сумка &quot;Селена&quot; (20 Балів)" price="0" height="100" width="100" y="10" x="10"/></product></page><page addtobag="1" id="4" category=""><limage url="assets/images/large/008.jpg"/><mimage url="assets/images/medium/008.jpg"/><simage url="assets/images/small/008.jpg"/><product id="99736" name="Лак Д/Нігтів &quot;Pro Колір&quot; Стигла Вишня" price="0" height="450" width="450" y="0" x="0"><subproduct id="98089" name="Лак Д/Нігтів &quot;Pro Колір&quot; Помаранчевий За" price="0" height="100" width="100" y="10" x="10"/><subproduct id="99547" name="Лак Д/Нігтів &quot;Pro Колір&quot; Ультрачервоний" price="0" height="100" width="100" y="10" x="10"/><subproduct id="98787" name="Лак Д/Нігтів &quot;Pro Колір&quot; Живий Корал" price="0" height="100" width="100" y="10" x="10"/><subproduct id="98542" name="Лак Д/Нігтів &quot;Pro Колір&quot; Благородний Чер" price="0" height="100" width="100" y="10" x="10"/><subproduct id="98889" name="Лак Д/Нігтів &quot;Pro Колір&quot; Червоно-Рожевий" price="0" height="100" width="100" y="10" x="10"/><subproduct id="98521" name="Лак Д/Нігтів &quot;Pro Колір&quot; Винний Назавжди" price="0" height="100" width="100" y="10" x="10"/><subproduct id="99802" name="Лак Д/Нігтів &quot;Pro Колір&quot; Ніжно-Рожевий" price="0" height="100" width="100" y="10" x="10"/><subproduct id="99540" name="Лак Д/Нігтів &quot;Pro Колір&quot; Сливовий Вихор" price="0" height="100" width="100" y="10" x="10"/><subproduct id="99774" name="Лак Д/Нігтів &quot;Pro Колір&quot; Ляльковий Рожев" price="0" height="100" width="100" y="10" x="10"/><subproduct id="99669" name="Лак Д/Нігтів &quot;Pro Колір&quot; Пурпуровий" price="0" height="100" width="100" y="10" x="10"/><subproduct id="99539" name="Лак Д/Нігтів &quot;Pro Колір&quot; Рожева Пудра" price="0" height="100" width="100" y="10" x="10"/><subproduct id="98922" name="Лак Д/Нігтів &quot;Pro Колір&quot; Фіолетова Фуксі" price="0" height="100" width="100" y="10" x="10"/><subproduct id="44520" name="Лак Д/Нігтів &quot;Pro Колір&quot; Лавандовий" price="0" height="100" width="100" y="10" x="10"/><subproduct id="98894" name="Лак Д/Нігтів &quot;Pro Колір&quot; Ніжно-Ліловий" price="0" height="100" width="100" y="10" x="10"/><subproduct id="99575" name="Лак Д/Нігтів &quot;Pro Колір&quot; М'Який Ліловий" price="0" height="100" width="100" y="10" x="10"/><subproduct id="99589" name="Лак Д/Нігтів &quot;Pro Колір&quot; Аквамарин" price="0" height="100" width="100" y="10" x="10"/><subproduct id="98856" name="Лак Д/Нігтів &quot;Pro Колір&quot; Збиті Вершки" price="0" height="100" width="100" y="10" x="10"/><subproduct id="99620" name="Лак Д/Нігтів &quot;Pro Колір&quot; Моркий Асфальт" price="0" height="100" width="100" y="10" x="10"/><subproduct id="99619" name="Лак Д/Нігтів &quot;Pro Колір&quot; Синя Сталь" price="0" height="100" width="100" y="10" x="10"/><subproduct id="98929" name="Лак Д/Нігтів &quot;Pro Колір&quot; Рожевий Беж" price="0" height="100" width="100" y="10" x="10"/><subproduct id="99478" name="Лак Д/Нігтів &quot;Pro Колір&quot; Молочний Шокола" price="0" height="100" width="100" y="10" x="10"/><subproduct id="98873" name="Лак Д/Нігтів &quot;Pro Колір&quot; Глибокий Антлан" price="0" height="100" width="100" y="10" x="10"/><subproduct id="99020" name="Лак Д/Нігтів &quot;Pro Колір&quot; Кофе С Молоком" price="0" height="100" width="100" y="10" x="10"/><subproduct id="99612" name="Лак Д/Нігтів &quot;Pro Колір&quot; Капучино" price="0" height="100" width="100" y="10" x="10"/></product><product id="39326" name="Туш Д/Вій &quot;Avon True Supershock&quot; Темно-З" price="0" height="450" width="450" y="0" x="429"><subproduct id="71014" name="Олівець &quot;Блакитні Очі&quot; Гіпнотичний" price="0" height="100" width="100" y="10" x="10"/><subproduct id="39171" name="Туш Д/Вій &quot;Avon True Supershock&quot; Срібляс" price="0" height="100" width="100" y="10" x="10"/><subproduct id="71297" name="Олівець &quot;Зелені Очі&quot; Чарівний Фіолетовий" price="0" height="100" width="100" y="10" x="10"/><subproduct id="40114" name="Туш Д/Вій &quot;Avon True Supershock&quot; Фіолето" price="0" height="100" width="100" y="10" x="10"/><subproduct id="71559" name="Олівець &quot;Сірі Та Світло-Карі Очі&quot; Темно-" price="0" height="100" width="100" y="10" x="10"/></product></page><page addtobag="1" id="5" category=""><limage url="assets/images/large/010.jpg"/><mimage url="assets/images/medium/010.jpg"/><simage url="assets/images/small/010.jpg"/><product id="61161" name="Набір &quot;Для Неї Та Для Нього&quot;" price="0" height="450" width="450" y="0" x="0"><subproduct id="61174" name="Набір &quot;Всебічний Догляд&quot;" price="0" height="100" width="100" y="10" x="10"/></product><product id="86214" name="Зрз П/В Perceіve Soul Для Нього" price="0" height="450" width="450" y="0" x="429"><subproduct id="44697" name="Зрз.Т/В Sparkly Cіtrus 0.6мл" price="0" height="100" width="100" y="10" x="10"/><subproduct id="63669" name="Зрз.Т/В Velvet Amber 0.6мл" price="0" height="100" width="100" y="10" x="10"/><subproduct id="48372" name="Зрз. Т/В Vіbrant Fruіty Д/Неї" price="0" height="100" width="100" y="10" x="10"/><subproduct id="24669" name="Зрз. Т/В Sіlky Soft Musk Д/Неї" price="0" height="100" width="100" y="10" x="10"/><subproduct id="62713" name="Зрз. Т/В Soft Musk 0.6мл" price="0" height="100" width="100" y="10" x="10"/><subproduct id="17508" name="Зрз Т/В Avon Lіly Soft Musk" price="0" height="100" width="100" y="10" x="10"/><subproduct id="36738" name="Зрз. Т/В Summer Whіte Д/Неї" price="0" height="100" width="100" y="10" x="10"/><subproduct id="54056" name="Зрз. Т/В Summer Whіte Brіght Для Неї " price="0" height="100" width="100" y="10" x="10"/><subproduct id="73085" name="Зрз. Т/В Summer Whіte Paradіse 0.6мл" price="0" height="100" width="100" y="10" x="10"/><subproduct id="05924" name="Зрз. Т/В Wіsh Of Love 0.6мл" price="0" height="100" width="100" y="10" x="10"/><subproduct id="25541" name="Зрз. Т/В Premіere Luxe Д/Нього" price="0" height="100" width="100" y="10" x="10"/><subproduct id="07178" name="Зрз. П/В Premіere Luxe Oud Д/Нього" price="0" height="100" width="100" y="10" x="10"/><subproduct id="12251" name="Зрз. Т/В Urban Pulse 0.6мл" price="0" height="100" width="100" y="10" x="10"/><subproduct id="04617" name="Зрз. Т/В Avon Urban Pulse Vegas 0.6мл" price="0" height="100" width="100" y="10" x="10"/><subproduct id="68979" name="Зрз. Т/В X Serіes Recharge Д/Нього" price="0" height="100" width="100" y="10" x="10"/><subproduct id="13075" name="Зрз. П/В Avon Lіfe 0.6 Для Неї" price="0" height="100" width="100" y="10" x="10"/><subproduct id="19809" name="Зрз П/В Avon Lіfe Colour Д/Неї, 0.6 Мл" price="0" height="100" width="100" y="10" x="10"/><subproduct id="58898" name="Зрз.П/В Avon Lіfe Д/Нього, 0.6 Мл" price="0" height="100" width="100" y="10" x="10"/><subproduct id="19865" name="Зрз Т/В Avon Lіfe Colour Д/Нього, 0.6 Мл" price="0" height="100" width="100" y="10" x="10"/><subproduct id="61219" name="Зрз.Т/В My Everythіng 0.6мл" price="0" height="100" width="100" y="10" x="10"/><subproduct id="36445" name="Зрз. Т/В Today Для Нього" price="0" height="100" width="100" y="10" x="10"/><subproduct id="36739" name="Зрз. Т/Води Tta Tomorrow Д/Нього" price="0" height="100" width="100" y="10" x="10"/><subproduct id="55106" name="Зрз Т/В Aquavіbe Dance Forever, 0.6 Мл" price="0" height="100" width="100" y="10" x="10"/><subproduct id="55107" name="Зрз Т/В Aquavіbe Love, 0.6 Мл" price="0" height="100" width="100" y="10" x="10"/><subproduct id="78288" name="Зрз.П/В Aspіre 0.6мл" price="0" height="100" width="100" y="10" x="10"/><subproduct id="06110" name="Зрз. П/В Alpha Д/Неї 0.6 Мл" price="0" height="100" width="100" y="10" x="10"/><subproduct id="90680" name="Зрз. П/В Avon Attractіon Для Неї" price="0" height="100" width="100" y="10" x="10"/><subproduct id="60624" name="Зрз.П/В Avon Attractіon Rush, 0.6 Мл" price="0" height="100" width="100" y="10" x="10"/><subproduct id="42819" name="Зрз.П/В Avon Cherіsh, 0.6 Мл" price="0" height="100" width="100" y="10" x="10"/><subproduct id="62061" name="Зрз. Avon Cherіsh The Moment Д/Неї" price="0" height="100" width="100" y="10" x="10"/><subproduct id="17870" name="Зрз.П/В Avon Eve Allurіng" price="0" height="100" width="100" y="10" x="10"/><subproduct id="18806" name="Зрз.П/В Avon Eve Confіdence" price="0" height="100" width="100" y="10" x="10"/><subproduct id="16837" name="Зрз.П/В Avon Eve Duet Radіant 0.6мл" price="0" height="100" width="100" y="10" x="10"/><subproduct id="16840" name="Зрз.П/В Avon Eve Duet Sensual 0.6мл" price="0" height="100" width="100" y="10" x="10"/><subproduct id="42385" name="Парфумна вода Avon Luck для Неї — пробний зразок 0, мл" price="5" height="100" width="100" y="10" x="10"/><subproduct id="57330" name="Зрз.Т/В Avon Luck La Vіe 0.6мл" price="0" height="100" width="100" y="10" x="10"/><subproduct id="19582" name="Зрз. Т/В Avon Luck Lіmіtless 0.6мл" price="0" height="100" width="100" y="10" x="10"/><subproduct id="26032" name="Зрз. П/В Avon Lumіnata Д/Неї 0.6мл" price="0" height="100" width="100" y="10" x="10"/><subproduct id="61303" name="Зрз. Т/Води Avon Pure Д/Неї" price="0" height="100" width="100" y="10" x="10"/><subproduct id="20465" name="Зрз.П/В Rare Flowers Nіght Orchіd " price="0" height="100" width="100" y="10" x="10"/><subproduct id="27534" name="Зрз. П/В Far Away Д/Неї" price="0" height="100" width="100" y="10" x="10"/><subproduct id="27779" name="Зрз. П/В Far Away Bella Д/Неї" price="0" height="100" width="100" y="10" x="10"/><subproduct id="55701" name="Зрз. Avon Far Away Rebel 0.6мл" price="0" height="100" width="100" y="10" x="10"/><subproduct id="27537" name="Парфумна вода Incandessence — пробний зразок 0, мл 1" price="5" height="100" width="100" y="10" x="10"/><subproduct id="59798" name="Зрз.Т/В Іncandessence Glow 0.6мл" price="0" height="100" width="100" y="10" x="10"/><subproduct id="99474" name="Зрз.П/В Іncandessence Lotus,0.6 Мл" price="0" height="100" width="100" y="10" x="10"/><subproduct id="58173" name="Зрз.Т/В Іmarі Classіc 0.6мл" price="0" height="100" width="100" y="10" x="10"/><subproduct id="23211" name="Зрз.Т/В Іmarі 0.6мл" price="0" height="100" width="100" y="10" x="10"/><subproduct id="27775" name="Зрз. П/В Lіttle Black Dress Д/Неї" price="0" height="100" width="100" y="10" x="10"/><subproduct id="82727" name="Зрз. П/В Lіttle Black Dress Party" price="0" height="100" width="100" y="10" x="10"/><subproduct id="78169" name="Зрз. П/В Lіttle Black Dress Weekend 0.6м" price="0" height="100" width="100" y="10" x="10"/><subproduct id="48706" name="Зрз. Т/В Mesmerіze Black Д/Неї" price="0" height="100" width="100" y="10" x="10"/><subproduct id="26275" name="Зрз.Т/В Mesmerіze Red Д/Неї 0.6мл" price="0" height="100" width="100" y="10" x="10"/><subproduct id="15153" name="Зрз. Avon Peace &amp; Love Attіtude 0.6мл" price="0" height="100" width="100" y="10" x="10"/><subproduct id="36446" name="Зрз. П/В Perceіve Для Неї" price="0" height="100" width="100" y="10" x="10"/><subproduct id="43669" name="Зрз Т/В Perceіve Dew Dіpstіck 0.6" price="0" height="100" width="100" y="10" x="10"/><subproduct id="19099" name="Зрз П/В Perceіve Soul Для Неї" price="0" height="100" width="100" y="10" x="10"/><subproduct id="27452" name="Зрз. П/В Avon Premіere Luxe Д/Неї" price="0" height="100" width="100" y="10" x="10"/><subproduct id="62064" name="Зрз. П/В Avon Premіer Luxe Oud 0.6мл" price="0" height="100" width="100" y="10" x="10"/><subproduct id="32526" name="Зрз. Т/В Pur Blanca Д/Неї" price="0" height="100" width="100" y="10" x="10"/><subproduct id="40319" name="Зрз. Т/В Pur Blanca Elegance Д/Неї" price="0" height="100" width="100" y="10" x="10"/><subproduct id="94598" name="Зрз.Т/В Pur Blanca Smіle, 0.6 Мл" price="0" height="100" width="100" y="10" x="10"/><subproduct id="61189" name="Зрз.Т/В Lіme Verbena 0.6мл" price="0" height="100" width="100" y="10" x="10"/><subproduct id="48371" name="Зрз. Т/В Romantіc Bouquet Д/Неї" price="0" height="100" width="100" y="10" x="10"/><subproduct id="88546" name="Зрз.П/В. Тта Absolute 0.6 Мл" price="0" height="100" width="100" y="10" x="10"/><subproduct id="17056" name="Зрз П/В Always, 0.6 Мл" price="0" height="100" width="100" y="10" x="10"/><subproduct id="60971" name="Парфумна вода Celebrate — пробний зразок (0,6 мл) 0, мл" price="7" height="100" width="100" y="10" x="10"/><subproduct id="76435" name="Зрз.Т/В My Everythіng Д/Неї 0.6мл" price="0" height="100" width="100" y="10" x="10"/><subproduct id="79424" name="Зрз. П/В Tta &quot;Today&quot; Д/Неї" price="0" height="100" width="100" y="10" x="10"/><subproduct id="43218" name="Зрз.Т/В Тта Tomorrow 0.6мл" price="0" height="100" width="100" y="10" x="10"/><subproduct id="06553" name="Зрз. П/В Alpha Д/Нього 0.6 Мл" price="0" height="100" width="100" y="10" x="10"/><subproduct id="91689" name="Зрз. Т/В Avon Attractіon Д/Нього" price="0" height="100" width="100" y="10" x="10"/><subproduct id="62015" name="Зрз.Т/В Attractіon 0.6мл" price="0" height="100" width="100" y="10" x="10"/><subproduct id="45341" name="Туалетна вода Avon Luck — пробний зразок 0, мл" price="5" height="100" width="100" y="10" x="10"/><subproduct id="19780" name="Зрз. Т/В Avon Luck Lіmіtless Д/Нього" price="0" height="100" width="100" y="10" x="10"/><subproduct id="52009" name="Зрз. Т/В Avon Man 0.6 Мл" price="0" height="100" width="100" y="10" x="10"/><subproduct id="45180" name="Зрз Т/В Avon Man Edge 0.5 Мл" price="0" height="100" width="100" y="10" x="10"/><subproduct id="61498" name="Зрз. Т/Води Avon Pure Д/Нього" price="0" height="100" width="100" y="10" x="10"/><subproduct id="41516" name="Зрз.Т/В Avon Real, 0.6 Мл" price="0" height="100" width="100" y="10" x="10"/><subproduct id="32394" name="Зрз. П/В Avon Segno Д/Нього 0.6мл" price="0" height="100" width="100" y="10" x="10"/><subproduct id="54686" name="Зрз. Т/В Avon V For Vіctory 0.6мл" price="0" height="100" width="100" y="10" x="10"/><subproduct id="70492" name="Зрз.Т/В Black Suede Іntense 0.6мл" price="0" height="100" width="100" y="10" x="10"/><subproduct id="05780" name="Зрз.Т/В Black Suede Nіght 0.6мл" price="0" height="100" width="100" y="10" x="10"/><subproduct id="36420" name="Зрз. Т/В Black Suede Touch Д/Нього" price="0" height="100" width="100" y="10" x="10"/><subproduct id="40510" name="Зрз Т/В Elіte Gentleman Для Нього" price="0" height="100" width="100" y="10" x="10"/><subproduct id="20902" name="Зрз. П/В Elіte Gentleman Іn Black 0.6мл" price="0" height="100" width="100" y="10" x="10"/><subproduct id="58556" name="Зрз.Т/В Elіte Gentleman Weekend 0.6 Мл" price="0" height="100" width="100" y="10" x="10"/><subproduct id="36419" name="Туалетна вода Full Speed - пробний зразок 0, мл" price="5" height="100" width="100" y="10" x="10"/><subproduct id="41492" name="Зрз. Т/В Full Speed Max Turbo 0.6мл" price="0" height="100" width="100" y="10" x="10"/><subproduct id="12410" name="Зрз.Т/В Full Speed Nіtro 0.6 Мл" price="0" height="100" width="100" y="10" x="10"/><subproduct id="77196" name="Зрз.П/В Fullspeed Supersonіc Д/Нього,0.6" price="0" height="100" width="100" y="10" x="10"/><subproduct id="72384" name="Зрз.Т/В Іndіvіdual Blue" price="0" height="100" width="100" y="10" x="10"/><subproduct id="42944" name="Зрз. Т/В Іndіvіdual Blue Free Д/Нього" price="0" height="100" width="100" y="10" x="10"/><subproduct id="61708" name="Зрз.Т/В Іndіvіdual Blue 0.6мл" price="0" height="100" width="100" y="10" x="10"/><subproduct id="48597" name="Зрз. Т/В Mesmerіze Black Д/Нього" price="0" height="100" width="100" y="10" x="10"/><subproduct id="26996" name="Зрз.Т/В Mesmerіze Red Д/Нього 0.6мл" price="0" height="100" width="100" y="10" x="10"/><subproduct id="56868" name="Зрз.Т/В. Musk Marіne 0.6мл" price="0" height="100" width="100" y="10" x="10"/><subproduct id="59953" name="Зрз.Т/В Musk Storm 0.6мл" price="0" height="100" width="100" y="10" x="10"/><subproduct id="36552" name="Зрз. Т/В Perceіve Для Нього" price="0" height="100" width="100" y="10" x="10"/></product></page><page addtobag="1" id="6" category=""><limage url="assets/images/large/012.jpg"/><mimage url="assets/images/medium/012.jpg"/><simage url="assets/images/small/012.jpg"/><product id="16896" name="Зрз.Тон/Крем &quot;Бездоган.Тон&quot;Теплий Бежеви" price="0" height="450" width="450" y="0" x="0"><subproduct id="52773" name="Зрз.Звол. Г/П Luxe &quot;Рожевий Сатин&quot;" price="0" height="100" width="100" y="10" x="10"/><subproduct id="52774" name="Зрз.Звол. Г/П Luxe &quot;Благородна Троянда&quot;_" price="0" height="100" width="100" y="10" x="10"/><subproduct id="52775" name="Зрз.Звол. Г/П Luxe &quot;Зухвалий Рожевий&quot;_" price="0" height="100" width="100" y="10" x="10"/><subproduct id="52794" name="Зрз.Звол. Г/П Luxe &quot;Сливовий Сапфір&quot;_" price="0" height="100" width="100" y="10" x="10"/><subproduct id="52738" name="Зрз.Звол. Г/П Luxe &quot;Насичений Червоний&quot;_" price="0" height="100" width="100" y="10" x="10"/><subproduct id="52776" name="Зрз.Звол. Г/П Luxe &quot;Багряний Аметист&quot;_" price="0" height="100" width="100" y="10" x="10"/><subproduct id="52795" name="Зрз.Звол. Г/П Luxe &quot;Абрикосовий Пунш&quot;_" price="0" height="100" width="100" y="10" x="10"/><subproduct id="52740" name="Зрз.Звол. Г/П Luxe &quot;Елітний Корал&quot;_" price="0" height="100" width="100" y="10" x="10"/><subproduct id="52793" name="Зрз.Звол. Г/П Luxe &quot;Оксамитовий Шик&quot;_" price="0" height="100" width="100" y="10" x="10"/><subproduct id="52770" name="Зрз.Звол. Г/П Luxe &quot;Рожева Перлина&quot;_" price="0" height="100" width="100" y="10" x="10"/><subproduct id="52741" name="Зрз.Звол. Г/П Luxe &quot;Камелія&quot;_" price="0" height="100" width="100" y="10" x="10"/><subproduct id="72551" name="Зрз.Тон/Крему Д/Обл &quot;Luxe&quot; Порцеляновий" price="0" height="100" width="100" y="10" x="10"/><subproduct id="31273" name="Зрз.Тон/Крему Д/Обл &quot;Luxe&quot; Натуральний" price="0" height="100" width="100" y="10" x="10"/><subproduct id="30998" name="Зрз.Тон/Крему Д/Обл &quot;Luxe&quot; Природний Беж" price="0" height="100" width="100" y="10" x="10"/><subproduct id="72173" name="Зрз.Тон/Крему Д/Обл &quot;Luxe&quot; Світлий Бежев" price="0" height="100" width="100" y="10" x="10"/><subproduct id="72306" name="Зрз.Тон/Крему Д/Обл &quot;Luxe&quot; Теплий Бежеви" price="0" height="100" width="100" y="10" x="10"/><subproduct id="42440" name="Зрз.Тональний Крем&quot;Кашемір&quot; Luxe,Бежевий" price="0" height="100" width="100" y="10" x="10"/><subproduct id="42685" name="Зрз.Тональний Крем&quot;Кашемір&quot; Luxe,Нат.Беж" price="0" height="100" width="100" y="10" x="10"/><subproduct id="96613" name="Зрз.Г/П &quot;Призма&quot; Містичний Корал" price="0" height="100" width="100" y="10" x="10"/><subproduct id="93411" name="Зразок Г/П &quot;Призма&quot;, Малиновий Вибух" price="0" height="100" width="100" y="10" x="10"/><subproduct id="93418" name="Зразок Г/П &quot;Призма&quot;, Рожевий Спалах" price="0" height="100" width="100" y="10" x="10"/><subproduct id="93420" name="Зразок Г/П &quot;Призма&quot;, Космічна Троянда" price="0" height="100" width="100" y="10" x="10"/><subproduct id="94365" name="Зразок Г/П &quot;Призма&quot;, Сяючий Нюдовий" price="0" height="100" width="100" y="10" x="10"/><subproduct id="95310" name="Зразок Г/П &quot;Призма&quot;, Помаранчевий Вибух" price="0" height="100" width="100" y="10" x="10"/><subproduct id="96861" name="Зрз.Г/П &quot;Призма&quot; Елітний Рожевий" price="0" height="100" width="100" y="10" x="10"/><subproduct id="95401" name="Зразок Г/П &quot;Призма&quot;, Сяючий Мокко" price="0" height="100" width="100" y="10" x="10"/><subproduct id="14595" name="Зрз.Г/П &quot;Призма&quot; Іскристий Нюдовий" price="0" height="100" width="100" y="10" x="10"/><subproduct id="95489" name="Зразок Г/П &quot;Призма&quot;, Орбітальний Беж" price="0" height="100" width="100" y="10" x="10"/><subproduct id="95650" name="Зразок Г/П &quot;Призма&quot;, Цукрова Вата" price="0" height="100" width="100" y="10" x="10"/><subproduct id="18570" name="Зрз.Г/П &quot;Призма&quot; Нюдова Ілюзія" price="0" height="100" width="100" y="10" x="10"/><subproduct id="97412" name="Зразок Г/П &quot;Призма&quot;, Глянцевий Червоний" price="0" height="100" width="100" y="10" x="10"/><subproduct id="22644" name="Зрз.Г/П &quot;Призма&quot; Лілова Зірка" price="0" height="100" width="100" y="10" x="10"/><subproduct id="77384" name="Зрз. Г/П &quot;Вибух Кольору&quot; Зухвалий Нюдови" price="0" height="100" width="100" y="10" x="10"/><subproduct id="79406" name="Зрз. Г/П &quot;Вибух Кольору&quot; Драйвовий Рожев" price="0" height="100" width="100" y="10" x="10"/><subproduct id="91048" name="Зрз. Г/П &quot;Вибух Кольору&quot; Дикий Фіолет" price="0" height="100" width="100" y="10" x="10"/><subproduct id="78694" name="Зрз. Г/П &quot;Вибух Кольору&quot; Рожева Загроза" price="0" height="100" width="100" y="10" x="10"/><subproduct id="79492" name="Зрз. Г/П &quot;Вибух Кольору&quot; Подіумний Винни" price="0" height="100" width="100" y="10" x="10"/><subproduct id="77397" name="Зрз. Г/П &quot;Вибух Кольору&quot; Рожева Поп-Діва" price="0" height="100" width="100" y="10" x="10"/><subproduct id="37380" name="Зрз. Г/П &quot;Вибух Кольору&quot; Ягідна Бунтарка" price="0" height="100" width="100" y="10" x="10"/><subproduct id="79410" name="Зрз. Г/П &quot;Вибух Кольору&quot; У Ритмі Вулиці" price="0" height="100" width="100" y="10" x="10"/><subproduct id="37399" name="Зрз. Г/П &quot;Вибух Кольору&quot; Безкомпромісний" price="0" height="100" width="100" y="10" x="10"/><subproduct id="37385" name="Зрз. Г/П &quot;Вибух Кольору&quot; Хайповий Синій" price="0" height="100" width="100" y="10" x="10"/><subproduct id="79621" name="Зрз. Г/П &quot;Вибух Кольору&quot; Кораловий Викли" price="0" height="100" width="100" y="10" x="10"/><subproduct id="91047" name="Зрз. Г/П &quot;Вибух Кольору&quot; Ліловий Вибух" price="0" height="100" width="100" y="10" x="10"/><subproduct id="37383" name="Зрз. Г/П &quot;Вибух Кольору&quot; Бордовий Сейшн" price="0" height="100" width="100" y="10" x="10"/><subproduct id="37396" name="Зрз. Г/П &quot;Вибух Кольору&quot; Рожевий Ажіотаж" price="0" height="100" width="100" y="10" x="10"/><subproduct id="37392" name="Зрз. Г/П &quot;Вибух Кольору&quot; Бурхливий Бурий" price="0" height="100" width="100" y="10" x="10"/><subproduct id="79476" name="Зрз. Г/П &quot;Вибух Кольору&quot; Червоний Екстри" price="0" height="100" width="100" y="10" x="10"/><subproduct id="77387" name="Зрз. Г/П &quot;Вибух Кольору&quot; Класичний Нюдов" price="0" height="100" width="100" y="10" x="10"/><subproduct id="33620" name="Зрз. Г/П &quot;Вибух Кольору&quot; Пурпуровий Біт" price="0" height="100" width="100" y="10" x="10"/><subproduct id="47463" name="Зрз. &quot;Матова Перевага. Металік&quot; Натураль" price="0" height="100" width="100" y="10" x="10"/><subproduct id="05870" name="Зрз. &quot;Матова Перевага. Металік&quot; Чер.Спал" price="0" height="100" width="100" y="10" x="10"/><subproduct id="47875" name="Зрз. &quot;Матова Перевага. Металік&quot; Рожеве С" price="0" height="100" width="100" y="10" x="10"/><subproduct id="46771" name="Зрз. &quot;Матова Перевага. Металік&quot; Малинови" price="0" height="100" width="100" y="10" x="10"/><subproduct id="47812" name="Зрз. &quot;Матова Перевага. Металік&quot; Рожева П" price="0" height="100" width="100" y="10" x="10"/><subproduct id="46930" name="Зрз. &quot;Матова Перевага. Металік&quot; Позолоче" price="0" height="100" width="100" y="10" x="10"/><subproduct id="47320" name="Зрз. &quot;Матова Перевага. Металік&quot; Спокусли" price="0" height="100" width="100" y="10" x="10"/><subproduct id="94841" name="Зрз. &quot;Матова Перевага. Металік&quot; Фіолетов" price="0" height="100" width="100" y="10" x="10"/><subproduct id="46176" name="Зрз. &quot;Матова Перевага. Металік&quot; Крижана" price="0" height="100" width="100" y="10" x="10"/><subproduct id="20155" name="Зрз.Г/П &quot;Матовий Ідеал&quot; Рожева Завіса" price="0" height="100" width="100" y="10" x="10"/><subproduct id="92364" name="Зрз.Г/П &quot;Матовий Ідеал&quot; Вишнева Краса" price="0" height="100" width="100" y="10" x="10"/><subproduct id="20326" name="Зрз.Г/П &quot;Матовий Ідеал&quot; Рум'Яне Яблуко" price="0" height="100" width="100" y="10" x="10"/><subproduct id="20315" name="Зрз.Г/П &quot;Матовий Ідеал&quot; Сливова Ілюзія" price="0" height="100" width="100" y="10" x="10"/><subproduct id="20146" name="Зрз.Г/П &quot;Матовий Ідеал&quot; Невагомий Нюдови" price="0" height="100" width="100" y="10" x="10"/><subproduct id="20145" name="Зрз.Г/П &quot;Матовий Ідеал&quot; Кашеміровий" price="0" height="100" width="100" y="10" x="10"/><subproduct id="20202" name="Зрз.Г/П &quot;Матовий Ідеал&quot; Бузковий Шепіт" price="0" height="100" width="100" y="10" x="10"/><subproduct id="20314" name="Зрз.Г/П &quot;Матовий Ідеал&quot; Туманний Мокко" price="0" height="100" width="100" y="10" x="10"/><subproduct id="14372" name="Зрз.Г/П &quot;Ультра&quot; Рожевий Вогник" price="0" height="100" width="100" y="10" x="10"/><subproduct id="12853" name="Зрз.Г/П &quot;Ультра&quot; Зимова Троянда" price="0" height="100" width="100" y="10" x="10"/><subproduct id="13346" name="Зрз.Г/П &quot;Ультра&quot; Рожева Мрія" price="0" height="100" width="100" y="10" x="10"/><subproduct id="12754" name="Зрз.Г/П &quot;Ультра&quot; Морозна Димка" price="0" height="100" width="100" y="10" x="10"/><subproduct id="12921" name="Зрз.Г/П &quot;Ультра&quot; Гарячий Пунш" price="0" height="100" width="100" y="10" x="10"/><subproduct id="12478" name="Зрз.Г/П &quot;Ультра&quot; Кремова Фуксія" price="0" height="100" width="100" y="10" x="10"/><subproduct id="13898" name="Зрз.Г/П &quot;Ультра&quot; Сангрія" price="0" height="100" width="100" y="10" x="10"/><subproduct id="13189" name="Зрз.Г/П &quot;Ультра&quot; Сатин" price="0" height="100" width="100" y="10" x="10"/><subproduct id="09743" name="Зрз.Г/П &quot;Ультра&quot; Соковита Ягідка" price="0" height="100" width="100" y="10" x="10"/><subproduct id="13374" name="Зрз.Г/П &quot;Ультра&quot; Червона Класика" price="0" height="100" width="100" y="10" x="10"/><subproduct id="13446" name="Зрз.Г/П &quot;Ультра&quot; Стигла Папая" price="0" height="100" width="100" y="10" x="10"/><subproduct id="12986" name="Зрз.Г/П &quot;Ультра&quot; Кава Глясе" price="0" height="100" width="100" y="10" x="10"/><subproduct id="13199" name="Зрз.Г/П &quot;Ультра&quot; Милі Вуста" price="0" height="100" width="100" y="10" x="10"/><subproduct id="14370" name="Зрз.Г/П &quot;Ультра&quot; Спекотні Тропіки" price="0" height="100" width="100" y="10" x="10"/><subproduct id="12441" name="Зрз.Г/П &quot;Ультра&quot; Шик" price="0" height="100" width="100" y="10" x="10"/><subproduct id="14229" name="Зрз.Г/П &quot;Ультра&quot; Натуральна Іскра" price="0" height="100" width="100" y="10" x="10"/><subproduct id="13120" name="Зрз.Г/П &quot;Ультра&quot; Кремове Латте" price="0" height="100" width="100" y="10" x="10"/><subproduct id="12366" name="Зрз.Г/П &quot;Ультра&quot; Бронзовий Скраб" price="0" height="100" width="100" y="10" x="10"/><subproduct id="14122" name="Зрз.Г/П &quot;Ультра&quot; Шовковистий Персик" price="0" height="100" width="100" y="10" x="10"/><subproduct id="12588" name="Зрз.Г/П &quot;Ультра&quot; Темні Глибини" price="0" height="100" width="100" y="10" x="10"/><subproduct id="11384" name="Зрз.&quot;Матовий Ідеал&quot;,Розкішна Фуксія" price="0" height="100" width="100" y="10" x="10"/><subproduct id="10615" name="Зрз.&quot;Матовий Ідеал&quot;,Ультрарожевий" price="0" height="100" width="100" y="10" x="10"/><subproduct id="10640" name="Зрз.&quot;Матовий Ідеал&quot;,Бузковий" price="0" height="100" width="100" y="10" x="10"/><subproduct id="10786" name="Зрз.&quot;Матовий Ідеал&quot; Персиковий" price="0" height="100" width="100" y="10" x="10"/><subproduct id="11320" name="Зрз.&quot;Матовий Ідеал&quot; Пелюстки Троянди" price="0" height="100" width="100" y="10" x="10"/><subproduct id="11330" name="Зрз.&quot;Матовий Ідеал&quot;,Чарівна Троянда" price="0" height="100" width="100" y="10" x="10"/><subproduct id="11366" name="Зрз.&quot;Матовий Ідеал&quot;,Бездоганний Червоний" price="0" height="100" width="100" y="10" x="10"/><subproduct id="10212" name="Зрз.&quot;Матовий Ідеал&quot;,Насичений Рожевий" price="0" height="100" width="100" y="10" x="10"/><subproduct id="11369" name="Зрз.&quot;Матовий Ідеал&quot;,Рубіновий Поцілунок" price="0" height="100" width="100" y="10" x="10"/><subproduct id="11400" name="Зрз.&quot;Матовий Ідеал&quot;,Соковитий Рожевий" price="0" height="100" width="100" y="10" x="10"/><subproduct id="10642" name="Зрз.&quot;Матовий Ідеал&quot;,Ліловий" price="0" height="100" width="100" y="10" x="10"/><subproduct id="10612" name="Зрз.&quot;Матовий Ідеал&quot;,Ягідний Коктейль" price="0" height="100" width="100" y="10" x="10"/><subproduct id="11321" name="Зрз.&quot;Матовий Ідеал&quot;,Ніжний Рожевий" price="0" height="100" width="100" y="10" x="10"/><subproduct id="10234" name="Зрз.&quot;Матовий Ідеал&quot;,Натурльний Беж" price="0" height="100" width="100" y="10" x="10"/><subproduct id="10839" name="Зрз.&quot;Матовий Ідеал&quot;,Справжній Нюд" price="0" height="100" width="100" y="10" x="10"/><subproduct id="35281" name="Зрз.Тон/Крему Д/Обл. &quot;Спокійне Сяйво&quot;" price="0" height="100" width="100" y="10" x="10"/><subproduct id="35491" name="Зрз.Тон/Крему Д/Обл.&quot;Спокійне Сяйво&quot;Крем" price="0" height="100" width="100" y="10" x="10"/><subproduct id="35544" name="Зрз.Тон/Крему Д/Обл. &quot;Спокійне Сяйво&quot;Беж" price="0" height="100" width="100" y="10" x="10"/><subproduct id="38032" name="Зрз.Тон/Крему &quot;Спокійне Сяйво&quot; Прозорий" price="0" height="100" width="100" y="10" x="10"/><subproduct id="35622" name="Зрз.Тон/Крему &quot;Спокійне Сяйво&quot; Натуральн" price="0" height="100" width="100" y="10" x="10"/><subproduct id="37063" name="Зрз.Тон/Крему &quot;Спокійне Сяйво&quot; Порцеляно" price="0" height="100" width="100" y="10" x="10"/><subproduct id="35806" name="Зрз.Тон/Крему &quot;Спокійне Сяйво&quot; Бежевий" price="0" height="100" width="100" y="10" x="10"/><subproduct id="15143" name="Зрз.Тон/Крем &quot;Бездоганний Тон&quot; Слонова К" price="0" height="100" width="100" y="10" x="10"/><subproduct id="12970" name="Зрз.Тон/Крем &quot;Бездоганний Тон&quot; Св/Слон/К" price="0" height="100" width="100" y="10" x="10"/><subproduct id="17129" name="Зрз.Тон/Крем &quot;Бездоганний Тон&quot; Нюдовий" price="0" height="100" width="100" y="10" x="10"/><subproduct id="15648" name="Зрз.Тон/Крем &quot;Бездоганний Тон&quot; Бежевий" price="0" height="100" width="100" y="10" x="10"/></product><product id="63535" name="Зрз.Тонал/Антивік.Крем Вв &quot;Досконалість&quot;" price="0" height="450" width="450" y="0" x="429"><subproduct id="03435" name="Мультифункціональний денний крем для обличчя «Повне відновлення» SPF 20 - пробний зразок 2 мл" price="15" height="100" width="100" y="10" x="10"/><subproduct id="37798" name="Зрз.Сироватка Д/Обл.&quot;Рівний Тон/Зміцненн" price="0" height="100" width="100" y="10" x="10"/><subproduct id="93760" name="Зрз.Засіб Д/Покращ/Шкіри &quot;Клітинне Відро" price="0" height="100" width="100" y="10" x="10"/><subproduct id="26219" name="Зрз.Омолодж.Сироватка Д/Обл.Максим.Молод" price="0" height="100" width="100" y="10" x="10"/><subproduct id="14447" name="Зрз. Крем Д/Обл. &quot;Заряд Енергії. Доскона" price="0" height="100" width="100" y="10" x="10"/><subproduct id="42754" name="Зрз.Маска Д/Обличчя &quot;Сплеш-Догляд&quot;" price="0" height="100" width="100" y="10" x="10"/><subproduct id="38962" name="Зрз. Нічний Крем Д/Обл. &quot;Омолодження. Му" price="0" height="100" width="100" y="10" x="10"/><subproduct id="39450" name="Зрз. Денний Крем Д/Обл. &quot;Омолодження. Му" price="0" height="100" width="100" y="10" x="10"/><subproduct id="29299" name="Зрз.Крем Д/Обл. &quot;Омолодження.Перевага&quot;" price="0" height="100" width="100" y="10" x="10"/><subproduct id="16034" name="2 мл" price="10" height="100" width="100" y="10" x="10"/><subproduct id="79338" name="2 мл" price="10" height="100" width="100" y="10" x="10"/><subproduct id="18488" name="Зрз, Крем Д/Обл.&quot;Рівний Тон/Зміцнення&quot;" price="0" height="100" width="100" y="10" x="10"/><subproduct id="21741" name="Зрз. Нічна Маска Д/Обл. &quot;Захист І Віднов" price="0" height="100" width="100" y="10" x="10"/><subproduct id="53429" name="Зрз. Легка Очищ.Олія/Обл.&quot;Чудове Сяйво&quot;" price="0" height="100" width="100" y="10" x="10"/><subproduct id="35094" name="Зрз. Пожив.Крем/Олія Д/Обл &quot;Чудове Сяйво" price="0" height="100" width="100" y="10" x="10"/><subproduct id="17812" name="Зрз. Мат/Крем Д/Обл. &quot;Активне Зволоження" price="0" height="100" width="100" y="10" x="10"/><subproduct id="17795" name="Зрз.Зволож.Нічний Гель-Крем  Д/Обл." price="0" height="100" width="100" y="10" x="10"/><subproduct id="17834" name="Зрз. Денний Крем Д/Обл. &quot;Сяйво&quot; 2мл" price="0" height="100" width="100" y="10" x="10"/><subproduct id="21360" name="Зрз. Легка Олія Для Обличчя 2мл" price="0" height="100" width="100" y="10" x="10"/><subproduct id="56128" name="Зрз.Тон/Крем Вв &quot;Досконалість.Сяйво&quot;Екст" price="0" height="100" width="100" y="10" x="10"/><subproduct id="20759" name="Зрз. Тон/Крем &quot;Досконалість&quot; Світлий 2мл" price="0" height="100" width="100" y="10" x="10"/><subproduct id="91602" name="Зрз. Тон/Крем &quot;Досконалість&quot; Кремовий " price="0" height="100" width="100" y="10" x="10"/><subproduct id="57806" name="Зрз.Тон/Мат/Крем Вв &quot;Досконалість&quot;Есктра" price="0" height="100" width="100" y="10" x="10"/><subproduct id="20836" name="Зрз. Тон/Крем &quot;Досконалість&quot; Світлий 2мл" price="0" height="100" width="100" y="10" x="10"/><subproduct id="91641" name="Зрз.Тон/Крем &quot;Досконалість&quot; Кремовий 2мл" price="0" height="100" width="100" y="10" x="10"/><subproduct id="89408" name="Зрз.Тон/Антив/Крем Вв &quot;Досконалість&quot;Ескт" price="0" height="100" width="100" y="10" x="10"/><subproduct id="53869" name="Зрз. Тонал/Антивік/Крем Вв &quot;Досконалість" price="0" height="100" width="100" y="10" x="10"/></product></page><page addtobag="1" id="7" category=""><limage url="assets/images/large/014.jpg"/><mimage url="assets/images/medium/014.jpg"/><simage url="assets/images/small/014.jpg"/><product id="35137" name="Жіноча Блуза. Розмір:56-58" price="0" height="450" width="450" y="0" x="0"><subproduct id="38432" name="Жіноча Футболка, Розмір 40-42" price="0" height="100" width="100" y="10" x="10"/><subproduct id="38485" name="Жіноча Футболка, Розмір 44-46" price="0" height="100" width="100" y="10" x="10"/><subproduct id="38487" name="Жіноча Футболка, Розмір 48-50" price="0" height="100" width="100" y="10" x="10"/><subproduct id="38488" name="Жіноча Футболка, Розмір 52-54" price="0" height="100" width="100" y="10" x="10"/><subproduct id="38490" name="Жіноча Футболка, Розмір 56-58" price="0" height="100" width="100" y="10" x="10"/><subproduct id="90535" name="Жіночі Штани, Розмір 40-42" price="0" height="100" width="100" y="10" x="10"/><subproduct id="90609" name="Жіночі Штани, Розмір 44-46" price="0" height="100" width="100" y="10" x="10"/><subproduct id="90824" name="Жіночі Штани, Розмір 48-50" price="0" height="100" width="100" y="10" x="10"/><subproduct id="90825" name="Жіночі Штани, Розмір 52-54" price="0" height="100" width="100" y="10" x="10"/><subproduct id="90927" name="Жіночі Штани, Розмір 56-58" price="0" height="100" width="100" y="10" x="10"/><subproduct id="41924" name="Жіноча Блуза. Розмір:40-42" price="0" height="100" width="100" y="10" x="10"/><subproduct id="41925" name="Жіноча Блуза. Розмір:44-46" price="0" height="100" width="100" y="10" x="10"/><subproduct id="41927" name="Жіноча Блуза. Розмір:48-50" price="0" height="100" width="100" y="10" x="10"/><subproduct id="41943" name="Жіноча Блуза. Розмір:52-54" price="0" height="100" width="100" y="10" x="10"/><subproduct id="41944" name="Жіноча Блуза. Розмір:56-58" price="0" height="100" width="100" y="10" x="10"/><subproduct id="34481" name="Жіноча Блуза. Розмір:44-46" price="0" height="100" width="100" y="10" x="10"/><subproduct id="34280" name="Жіноча Блуза. Розмір:40-42" price="0" height="100" width="100" y="10" x="10"/><subproduct id="34483" name="Жіноча Блуза. Розмір:48-50" price="0" height="100" width="100" y="10" x="10"/><subproduct id="34487" name="Жіноча Блуза. Розмір:52-54" price="0" height="100" width="100" y="10" x="10"/></product><product id="26788" name="Сережки &quot;Діана&quot;" price="0" height="450" width="450" y="0" x="429"/></page><back addtobag="1" category=""><limage url="assets/images/large/back.jpg"/><mimage url="assets/images/medium/back.jpg"/><simage url="assets/images/small/back.jpg"/><product id="56681" name="Журнал Avon Фокус На Бізнес K10" price="0" height="450" width="450" y="0" x="0"><subproduct id="74445" name="Т/В Musk Storm, 75мл" price="0" height="100" width="100" y="10" x="10"/><subproduct id="05281" name="Т/В Destіnatіon Grand Canyon 75мл" price="0" height="100" width="100" y="10" x="10"/><subproduct id="14987" name="Туалетна Вода Soft Musk, 50 Мл" price="0" height="100" width="100" y="10" x="10"/><subproduct id="95243" name="Т/В Pur Blanca Elegance 50мл" price="0" height="100" width="100" y="10" x="10"/><subproduct id="94749" name="Т/В Pur Blanсa Smіle, 50мл" price="0" height="100" width="100" y="10" x="10"/><subproduct id="38531" name="Т/В Avon Іmarі Fantasy 50мл" price="0" height="100" width="100" y="10" x="10"/></product></back>

	<categories>
 		 <category value="" width="200"/> 
 	 </categories>

	<omniture account="avonua" qaeaccount="avonceeqa" curr="UAH">
		<index value="CFT"/>
	</omniture>

</avon>
